"ENV","Tmax_Maxima","Tmax_Minima","Tmax_Media","Tmax_ip_e_i","Tmax_fld_m","Tmax_V","Tmax_ACC_V","Tmax_R","Tmax_ACC_R","Tmax_EG","Tmax_ACC_EG","Tmin_Maxima","Tmin_Minima","Tmin_Media","Tmin_ip_e_i","Tmin_fld_m","Tmin_V","Tmin_ACC_V","Tmin_R","Tmin_ACC_R","Tmin_EG","Tmin_ACC_EG","Chuva_ACC","Chuva_ACC_V","Chuva_ACC_R","Chuva_ACC_EG","Rad_ACC","Rad_ACC_V","Rad_ACC_R","Rad_ACC_EG","umidade_Media","umidade_fld_m","umidade_V","umidade_R","umidade_EG","Vento_Media","Vento_fld_m","Vento_V","Vento_R","Vento_EG"
"ENV_1",38,23.8,30.2491379310345,30.4222222222222,33.6777777777778,28.6955555555556,1291.3,32.1818181818182,1062,30.31,1212.4,24.1,10.5,19.3241379310345,22.2666666666667,21.4111111111111,19.1822222222222,863.2,20.169696969697,665.6,18.855,754.2,753.8,508.4,82.2,204.8,2407.089473,844.549521,778.947213,820.463825,69.5991379310345,68.7222222222222,72.3444444444444,65.0151515151515,70.75,19.3241379310345,21.4111111111111,19.1822222222222,20.169696969697,18.855
"ENV_2",38.1,22.3,30.5243697478992,31.0888888888889,30.9555555555556,28.7022222222222,1291.6,33.0806451612903,1025.5,30.6244444444444,1378.1,24.1,11.2,19.3436974789916,22.7444444444444,19.1666666666667,18.4533333333333,830.4,21.0612903225806,652.9,19.1666666666667,862.5,744.6,508.8,115.2,121.4,2499.323567,836.691489,741.99571,970.838709,70.4915966386555,67.8888888888889,72.1555555555556,66.0967741935484,71.8888888888889,19.3436974789916,19.1666666666667,18.4533333333333,21.0612903225806,19.1666666666667
"ENV_3",36.6,22.9,30.7848484848485,25.9666666666667,34.3222222222222,30.1285714285714,1476.3,31.3128205128205,1221.2,31,1426,21,14.6,18.5227272727273,19.1,16.8222222222222,18.8285714285714,922.6,18.2820512820513,713,18.345652173913,843.9,831.8,438.8,181,224.6,2287.1,760.5,690.8,868.3,74.3030303030303,66.1111111111111,75.1020408163265,74.2564102564103,73.6521739130435,18.5227272727273,16.8222222222222,18.8285714285714,18.2820512820513,18.345652173913
"ENV_4",39.5,30.1,35.3883495145631,34.1888888888889,36.1555555555556,33.4410256410256,1304.2,35.23,1056.9,37.5972222222222,1353.5,28.4,18,21.9087378640777,20.3555555555556,22.8222222222222,21.8,850.2,21.5066666666667,645.2,22.4444444444444,808,59.9,48.3,8.2,3.4,2031.26,710.32,598.63,763.92,72.8640776699029,60.6666666666667,81.1538461538462,69.6,65.8333333333333,21.9087378640777,22.8222222222222,21.8,21.5066666666667,22.4444444444444
"ENV_5",39.5,30.1,35.3883495145631,34.1888888888889,35.9111111111111,33.4410256410256,1304.2,35.2068965517241,1021,37.5378378378378,1388.9,28.4,18,21.9087378640777,20.3555555555556,22.7777777777778,21.8,850.2,21.2827586206897,617.2,22.5945945945946,836,59.9,48.3,8.2,3.4,2031.26,710.32,577.1,785.71,72.8640776699029,61.6666666666667,81.1538461538462,70.0689655172414,65.8108108108108,21.9087378640777,22.7777777777778,21.8,21.2827586206897,22.5945945945946
"ENV_6",32.91,26.45,30.2910784313725,29.75,29.4455555555556,29.9014634146341,1225.96,30.0733333333333,902.2,30.9442424242424,1021.16,24.43,21.45,22.908137254902,22.5888888888889,23.0233333333333,22.7226829268293,931.63,22.718,681.54,23.3127272727273,769.32,536.36,259.34,157.59,127.92,1907,737.12,556.47,653.37,82.8547058823529,86.1011111111111,84.4058536585366,83.0316666666667,80.97,22.908137254902,23.0233333333333,22.7226829268293,22.718,23.3127272727273
"ENV_7",33.72,26.45,30.3784761904762,30.0377777777778,29.9844444444444,29.9155813953488,1286.37,30.0520689655172,871.51,31.1697142857143,1090.94,24.43,21.45,22.916380952381,22.6711111111111,22.9833333333333,22.73,977.39,22.7796551724138,660.61,23.3042857142857,815.65,540.42,270.44,153.7,130.92,1974.14,770.87,535.89,699.09,82.5964761904762,84.4744444444444,84.3858139534884,83.0306896551724,80.228,22.916380952381,22.9833333333333,22.73,22.7796551724138,23.3042857142857
"ENV_8",37.24,25.76,30.5263265306122,28.55,28.4111111111111,32.5171794871795,1268.17,28.9383333333333,868.15,29.3777419354839,910.71,25.37,21.34,23.3604081632653,22.6322222222222,22.5066666666667,23.5782051282051,919.55,23.101,693.03,23.2790322580645,721.65,887.18,303.24,307.07,298.34,1811.7,707.04,551.52,578.34,83.0076530612245,90.4866666666667,72.9464102564103,89.2763333333333,90.0396774193548,23.3604081632653,22.5066666666667,23.5782051282051,23.101,23.2790322580645
"ENV_9",37.32,25.43,31.4223140495868,30.7911111111111,30.3088888888889,32.3327777777778,1745.97,30.311875,969.98,30.9924324324324,1146.72,24.58,19.42,22.3476033057851,22.3488888888889,21.7266666666667,22.7751851851852,1229.86,21.8603125,699.53,22.1332432432432,818.93,519.34,205.98,156.89,161.64,2100.24,971.61,501.79,650.95,71.7523966942149,79.0622222222222,65.6433333333333,76.8425,76.5816216216216,22.3476033057851,21.7266666666667,22.7751851851852,21.8603125,22.1332432432432
"ENV_10",37.8,28.4,32.6424778761062,32.0444444444444,32.0111111111111,33.1289473684211,1258.9,32.3777777777778,1165.6,32.3536585365854,1326.5,25,20.6,23.2203539823009,23.0555555555556,23.3888888888889,23.4078947368421,889.5,23.1388888888889,833,23.1341463414634,948.5,787.1,218.2,262.5,310,2092.77,718.03,662.55,749.61,82.5575221238938,82,77.3684210526316,86.4166666666667,83.9024390243902,23.2203539823009,23.3888888888889,23.4078947368421,23.1388888888889,23.1341463414634
"ENV_11",33.49,25.65,29.9626548672566,30.1033333333333,29.5222222222222,30.2594827586207,1755.05,29.5765384615385,768.99,29.7651612903226,922.72,23.41,19.95,21.8716814159292,21.8233333333333,22.09,21.8389655172414,1266.66,21.67,563.42,22.0735483870968,684.28,721.26,344.8,121.48,256.3,2220.42,1195.08,501.13,573.93,79.8537168141593,82.7755555555556,78.0246551724138,80.5480769230769,82.7425806451613,21.8716814159292,22.09,21.8389655172414,21.67,22.0735483870968
"ENV_12",33.48,25.65,29.6759,29.5666666666667,30.3544444444444,29.8175555555556,1341.79,29.5134615384615,767.35,29.6890322580645,920.36,23.39,19.95,21.9045,21.9488888888889,22.4577777777778,21.6531111111111,974.39,21.7911538461538,566.57,22.3938709677419,694.21,736.3,296.66,159.7,289.75,1864.35,889.54,475.03,544.49,81.7336,82.1877777777778,79.6262222222222,82.6707692307692,83.9703225806452,21.9045,22.4577777777778,21.6531111111111,21.7911538461538,22.3938709677419
"ENV_13",35.9,24.6,31.0557522123894,32.1888888888889,30.5222222222222,30.5804347826087,1406.7,31.8117647058824,1081.6,30.9457142857143,1083.1,24.3,19.3,21.3407079646018,20.6666666666667,21.1555555555556,21.8065217391304,1003.1,20.8176470588235,707.8,21.2285714285714,743,395.4,310.6,84.8,0,1919.680944,768.314372,570.86,621.706572,75.6991150442478,77.8888888888889,76.8478260869565,74.3970588235294,75.6,21.3407079646018,21.1555555555556,21.8065217391304,20.8176470588235,21.2285714285714
"ENV_14",36.6,23.8,30.7890756302521,30.5777777777778,27.5777777777778,31.69375,2028.4,29.7846153846154,774.4,29.6258064516129,918.4,21,14.6,18.5142857142857,18.8222222222222,19.0555555555556,18.2375,1167.2,18.5692307692308,482.8,19.1161290322581,592.6,556.4,218.8,142.8,196.9,2099.3,1195,448.7,481.6,75.1008403361345,81,72.6875,76.4230769230769,78.9677419354839,18.5142857142857,19.0555555555556,18.2375,18.5692307692308,19.1161290322581
"ENV_15",34.4,26,30.7689075630252,31.1111111111111,31.3111111111111,30.8125,1972,30.8230769230769,801.4,30.7193548387097,952.3,21.6,10.8,18.8915966386555,19.6444444444444,20.4222222222222,18.9359375,1211.9,19.6153846153846,510,18.2548387096774,565.9,626,364.7,114,152.8,2116.17,1211.37,406.5,532.8,82.3109243697479,85.3333333333333,81.09375,84.5384615384615,83.0322580645161,18.8915966386555,20.4222222222222,18.9359375,19.6153846153846,18.2548387096774
"ENV_16",34.8,21.2,28.9487394957983,28.9666666666667,24.8888888888889,29.8546875,1910.7,27.7884615384615,722.5,27.8516129032258,863.4,21.1,17,19.1294117647059,18.7333333333333,18.2,19.31875,1236.4,18.7807692307692,488.3,19.0354838709677,590.1,800.8,285.4,225,307.4,2056.5,1245.4,399,431.9,42.5613445378151,12.3333333333333,42.4375,36.7038461538462,48.1451612903226,19.1294117647059,18.2,19.31875,18.7807692307692,19.0354838709677
"ENV_17",36.13,23.71,28.538487394958,28.13,25.7766666666667,29.67015625,1898.89,27.3161538461538,710.22,27.1093548387097,840.39,21.02,17.29,19.4043697478992,19.1355555555556,18.8344444444444,19.53203125,1250.05,19.2769230769231,501.2,19.2438709677419,596.56,619.17,306.37,149.23,182.94,2471.71,1439.2,520.14,553.65,77.3932773109244,86.1466666666667,72.7884375,81.3769230769231,84.0848387096774,19.4043697478992,18.8344444444444,19.53203125,19.2769230769231,19.2438709677419
"ENV_18",36.6,22.9,30.3848739495798,32.9,30.6777777777778,30.9015625,1977.7,30.5269230769231,793.7,29.2741935483871,907.5,21,14.6,18.5176470588235,18.3777777777778,17.5666666666667,18.3703125,1175.7,18.5423076923077,482.1,18.6903225806452,579.4,781.3,454.5,128.3,211.7,2038.6,1102.7,469.2,501.1,75.6134453781513,74.8888888888889,74.375,75.0769230769231,78.3548387096774,18.5176470588235,17.5666666666667,18.3703125,18.5423076923077,18.6903225806452
"ENV_19",34.29,24.75,29.5787096774194,30.1266666666667,29.4466666666667,31.0778787878788,1025.57,29.6458064516129,919.02,27.9945161290323,867.83,21.69,17.13,19.7925806451613,20.2188888888889,20.1244444444444,19.8727272727273,655.8,19.9603225806452,618.77,19.5809677419355,607.01,378.81,103.17,123.17,154.97,1710.55,691.26,566.15,499.89,74.0697849462366,75.5711111111111,67.6245454545455,75.1332258064516,79.588064516129,19.7925806451613,20.1244444444444,19.8727272727273,19.9603225806452,19.5809677419355
"ENV_20",34.1,25.6,31.14,30.5777777777778,31.3333333333333,30.8863636363636,1359,30.934375,989.9,31.6806451612903,982.1,24.5,20.2,22.4666666666667,22.1888888888889,22.4666666666667,22.4863636363636,989.4,22.421875,717.5,22.5032258064516,697.6,83.2,7.4,5.4,70.8,1891.969315,759.71599,632.827381,534.555004,71.9428571428571,72.7777777777778,70.375,73.265625,72.8548387096774,22.4666666666667,22.4666666666667,22.4863636363636,22.421875,22.5032258064516
"ENV_21",32.55,27.67,30.3832323232323,30.19,30.1233333333333,30.3161904761905,1273.28,30.265,847.42,30.5438709677419,946.86,24.84,21.73,23.5342424242424,23.2911111111111,23.5622222222222,23.4207142857143,983.67,23.5310714285714,658.87,23.6816129032258,734.13,794.54,394.17,257.84,172.22,1839.23,760.4,536.82,579.7,87.3076767676768,88.0611111111111,86.6309523809524,88.7039285714286,87.0077419354839,23.5342424242424,23.5622222222222,23.4207142857143,23.5310714285714,23.6816129032258
"ENV_22",36.6,22.9,30.8471014492754,26.6,33.9222222222222,30.4901960784314,1555,31.2333333333333,1311.8,30.8106382978723,1448.1,21,14.6,18.4978260869565,19.1666666666667,16.6555555555556,18.7235294117647,954.9,18.2690476190476,767.3,18.4595744680851,867.6,866.7,430.9,190.3,252,2393.1,811.1,742,871.7,74.0289855072464,67.4444444444444,73.921568627451,74.2857142857143,74.1702127659574,18.4978260869565,16.6555555555556,18.7235294117647,18.2690476190476,18.4595744680851
"ENV_23",31.33,20.99,25.7729752066116,26.5533333333333,27.8222222222222,24.0792105263158,915.01,26.2969047619048,1104.47,26.7086046511628,1148.47,25.29,17.37,21.6259504132231,21.1144444444444,23.9077777777778,19.6452631578947,746.52,21.9571428571429,922.2,23.0141860465116,989.61,438.7,106.91,191.08,146.28,2806.75,924.31,975.94,959.78,77.5409917355372,79.0311111111111,77.9576315789474,78.6309523809524,75.9811627906977,21.6259504132231,23.9077777777778,19.6452631578947,21.9571428571429,23.0141860465116
"ENV_24",36.9,23.8,31.7955223880597,32.5555555555556,31.3777777777778,31.7508196721311,1936.8,31.7444444444444,1142.8,31.8846153846154,1243.5,24.5,20,22.2828358208955,22.5888888888889,22.2888888888889,22.5196721311475,1373.7,21.8694444444444,787.3,22.2282051282051,866.9,264.8,89,8.4,167.4,2508.12504,1130.190627,682.714385,736.697476,72.7611940298507,74.5,72.4098360655738,73.1944444444444,72.9358974358974,22.2828358208955,22.2888888888889,22.5196721311475,21.8694444444444,22.2282051282051
"ENV_25",35.15,25.64,30.5498260869565,30.05,29.9555555555556,30.839,1850.34,30.81,801.06,29.7470967741935,922.16,24.35,20.77,22.6408695652174,21.6911111111111,22.8377777777778,22.6931666666667,1361.59,22.4388461538462,583.41,22.658064516129,702.4,693.01,331.81,157.08,213.51,2078.22,1140.88,532.76,436.48,80.2835652173913,82.4955555555556,79.22,79.1515384615385,83.191935483871,22.6408695652174,22.8377777777778,22.6931666666667,22.4388461538462,22.658064516129
"ENV_26",39.31,29.8,35.497094017094,34.4266666666667,35.9833333333333,35.23,1620.58,36.0933333333333,1191.08,35.24625,1409.85,27.66,22.84,25.165641025641,24.2877777777778,25.3744444444444,24.9789130434783,1149.03,25.1815151515151,830.99,25.32675,1013.07,72.74,22.14,10.63,41.35,2136.48,865.67,621.3,687.03,52.4006837606838,49.0022222222222,53.9130434782609,49.5360606060606,53.22925,25.165641025641,25.3744444444444,24.9789130434783,25.1815151515151,25.32675
"ENV_27",40.5,30.1,36.2542372881356,35.1,37.4888888888889,33.6236842105263,1277.7,36.4146341463415,1493,38.519512195122,1579.3,28.4,18,22.0949152542373,22.1555555555556,22.7777777777778,21.7052631578947,824.8,21.7268292682927,890.8,22.8585365853659,937.2,58.6,41.5,2.8,14.3,2415.2,689.8,873.15,893.96,69.2881355932203,69.6666666666667,78.6842105263158,68.0487804878049,62.0975609756098,22.0949152542373,22.7777777777778,21.7052631578947,21.7268292682927,22.8585365853659
"ENV_28",36.29,24.75,30.0841176470588,28.5655555555556,29.68,31.2478125,1999.86,29.4915384615385,766.78,28.1432258064516,872.44,21.69,17.13,19.9404201680672,19.5722222222222,20.0288888888889,20.06265625,1284.01,19.8842307692308,516.99,19.6790322580645,610.05,466.37,202.51,114.95,157.2,2254.26,1319.46,457.36,509.56,71.6439495798319,75.4144444444444,66.28328125,75.9769230769231,79.2987096774194,19.9404201680672,20.0288888888889,20.06265625,19.8842307692308,19.6790322580645
"ENV_29",39.55,30.84,37.1140833333333,36.21,38.2344444444444,34.7342424242424,1146.23,37.6587234042553,1769.96,38.3959523809524,1612.63,25.52,22.4,24.1503333333333,23.7244444444444,24.2988888888889,23.6406060606061,780.14,24.0274468085106,1129.29,24.6771428571429,1036.44,43.12,42.37,0.36,0.41,2708.5,620.34,1089.06,1045.18,54.109,51.2288888888889,61.6621212121212,51.3002127659574,51.0290476190476,24.1503333333333,24.2988888888889,23.6406060606061,24.0274468085106,24.6771428571429
"ENV_30",35.4,25.1,30.9444444444444,27.5777777777778,31.8,30.8770491803279,1883.5,30.02,900.6,31.7027027027027,1173,21.2,15.8,19.3103174603175,20.2222222222222,19.2555555555556,19.5491803278689,1192.5,18.8833333333333,566.5,19.2648648648649,712.8,871.4,479,290,113.4,1846.86,1004,412.16,448.9,76.9285714285714,76.5555555555556,76.4754098360656,80.3333333333333,75.4324324324324,19.3103174603175,19.2555555555556,19.5491803278689,18.8833333333333,19.2648648648649
"ENV_31",35.7,25.1,30.9426086956522,30.9666666666667,29.9222222222222,29.8018867924528,1579.5,31.4689655172414,912.6,32.1885714285714,1126.6,21.2,15.8,19.0313043478261,18.5666666666667,19.8111111111111,19.4245283018868,1029.5,19.3103448275862,560,18.2314285714286,638.1,716.8,484.1,138.3,114.6,1671.16,806.4,273.16,602.3,76.9217391304348,78.5555555555556,79.3018867924528,75.6551724137931,74.0857142857143,19.0313043478261,19.8111111111111,19.4245283018868,19.3103448275862,18.2314285714286
"ENV_32",35.7,25.1,30.9236842105263,30.9777777777778,30.6777777777778,29.8865384615385,1554.1,31.5551724137931,915.1,31.9342857142857,1117.7,21.2,15.8,19.0701754385965,17.8777777777778,19.8777777777778,19.3711538461538,1007.3,19.1310344827586,554.8,18.5085714285714,647.8,716.8,472,148.7,116.1,1650.66,831,280.36,565.7,76.9736842105263,77.8888888888889,79.0192307692308,75.9310344827586,75.0285714285714,19.0701754385965,19.8777777777778,19.3711538461538,19.1310344827586,18.5085714285714
"ENV_33",34,23.4,29.3831932773109,29.8333333333333,28.9666666666667,28.7140625,1837.7,29.8307692307692,775.6,30.2967741935484,939.2,21.6,17.8,19.9974789915966,19.4,20.0666666666667,20.0015625,1280.1,19.9576923076923,518.9,19.9774193548387,619.3,737.8,531.4,95.8,115.2,1875.5,959.1,424.5,516.6,79.1596638655462,82.7888888888889,81.3921875,79.5192307692308,74.5516129032258,19.9974789915966,20.0666666666667,20.0015625,19.9576923076923,19.9774193548387
"ENV_34",38.9,25.1,31.5161538461538,32.9555555555556,27.5777777777778,33.0553571428571,1851.1,30.1131578947368,1144.3,30.6026315789474,1162.9,21.2,14.3,19.1484615384615,18.7555555555556,20.2222222222222,19.0196428571429,1065.1,19.5815789473684,744.1,18.9394736842105,719.7,936.5,336.7,318,307.8,2007.26,983.7,594.6,461.26,75.1692307692308,87.3333333333333,71.25,77.5526315789474,78.7894736842105,19.1484615384615,20.2222222222222,19.0196428571429,19.5815789473684,18.9394736842105
"ENV_35",40.97,26.96,32.6884375,29.4111111111111,32.7655555555556,35.2195744680851,1655.32,30.7482926829268,1260.68,31.6545238095238,1329.49,26.56,20.52,23.8971875,23.8233333333333,23.6488888888889,24.6327659574468,1157.74,22.9351219512195,940.34,23.9678571428571,1006.65,761.06,305.16,278.44,199.99,2447.92,970.22,730.77,782.02,75.2575,74.9355555555556,65.4123404255319,81.8860975609756,80.1719047619048,23.8971875,23.6488888888889,24.6327659574468,22.9351219512195,23.9678571428571
"ENV_36",40.97,26.96,32.6884375,29.4111111111111,32.4488888888889,35.2195744680851,1655.32,30.6433333333333,1195.09,31.7381818181818,1396.48,26.56,20.52,23.8971875,23.8233333333333,23.3655555555556,24.6327659574468,1157.74,22.9192307692308,893.85,23.9190909090909,1052.44,761.06,305.16,274.98,199.99,2447.92,970.22,683.38,834.56,75.2575,75.5877777777778,65.4123404255319,82.1976923076923,79.7243181818182,23.8971875,23.3655555555556,24.6327659574468,22.9192307692308,23.9190909090909
"ENV_37",40.02,32.79,37.1777678571429,38.4855555555556,36.0722222222222,36.9763043478261,1700.91,36.9848484848485,1220.5,37.6034285714286,1316.12,29.41,23.85,26.5309821428571,26.9833333333333,24.9644444444444,26.3947826086957,1214.16,26.3521212121212,869.62,26.8068571428571,938.24,54.05,12.37,24.04,17.64,2145.33,847.25,666.17,679.27,46.2754464285714,56.2888888888889,46.4634782608696,44.7809090909091,47.5262857142857,26.5309821428571,24.9644444444444,26.3947826086957,26.3521212121212,26.8068571428571
"ENV_38",40.02,32.79,37.1523684210526,37.0822222222222,35.5944444444444,36.8143181818182,1619.83,37.2511764705882,1266.54,37.4068421052632,1421.46,29.41,23.85,26.5192105263158,26.5966666666667,25.3111111111111,26.2840909090909,1156.5,26.6508823529412,906.13,26.6407894736842,1012.35,56.63,14.95,23.32,21.32,2184.7,795.32,699.23,725.85,46.4729824561404,55.3533333333333,47.4290909090909,43.3591176470588,48.5884210526316,26.5192105263158,25.3111111111111,26.2840909090909,26.6508823529412,26.6407894736842
"ENV_39",39.3,23.2,32.9151369863014,29.2888888888889,33.9111111111111,31.418813559322,1853.71,33.7682926829268,1384.5,33.9916666666667,1631.6,24.4,19.7,22.5612328767123,21.8333333333333,22.8,22.4345762711864,1323.64,22.9024390243902,939,22.40625,1075.5,480.61,324.81,98.6,63.4,3175.412327,1260.668366,990.880747,966.015199,68.7282191780822,67.5,71.7342372881356,67.6585365853659,65.8958333333333,22.5612328767123,22.8,22.4345762711864,22.9024390243902,22.40625
"ENV_40",40.9,32.4,37.9892086330935,37.9666666666667,38.9555555555556,36.9347826086957,1699,38.0794871794872,1485.1,38.7803571428571,2171.7,26.6,17,23.1690647482014,22.9111111111111,22.7666666666667,20.9173913043478,962.2,23.7307692307692,925.5,24.575,1376.2,21.2,0,2.4,18.8,2632.96,963.8,693.36,1011.81,53.2517985611511,43.7777777777778,63.8695652173913,48.5897435897436,47.4285714285714,23.1690647482014,22.7666666666667,20.9173913043478,23.7307692307692,24.575
"ENV_41",40.03,34.17,37.5742142857143,37.8811111111111,38.33,36.6683333333333,1980.09,37.9175,1365.03,38.2798076923077,1990.55,26.07,22.22,24.5280714285714,24.2111111111111,24.9855555555556,23.7611111111111,1283.1,24.7838888888889,892.22,25.1594230769231,1308.29,28.64,24.37,1.27,3.01,3254.92,1209.2,847.79,1246.86,53.302,51.5,54.7044444444444,52.5619444444444,52.3215384615385,24.5280714285714,24.9855555555556,23.7611111111111,24.7838888888889,25.1594230769231
"ENV_42",37.3,31.9,33.9980198019802,33.3222222222222,34.2,33.42,1336.8,33.3178571428571,932.9,35.1714285714286,1231,24.8,16.8,22.0584158415842,22.6,20.8222222222222,22.895,915.8,21.3714285714286,598.4,21.6285714285714,757,135.2,59.8,27.3,49.1,1994.51,748.7,544.39,740.1,70.0891089108911,66.5555555555556,82.4,71.4285714285714,54.8571428571429,22.0584158415842,20.8222222222222,22.895,21.3714285714286,21.6285714285714
"ENV_43",37.3,31.9,33.9941176470588,33.2555555555556,34.0888888888889,33.4285714285714,1404,33.325,933.1,35.2294117647059,1197.8,24.8,16.8,22.0852941176471,22.9444444444444,21.4,22.95,963.9,21.4178571428571,599.7,21.6352941176471,735.6,135.2,59.8,27.3,48.1,2012.41,783.63,546.74,720.22,70.2450980392157,64,82.2857142857143,70.9642857142857,54.5294117647059,22.0852941176471,21.4,22.95,21.4178571428571,21.6352941176471
"ENV_44",33.07,24.86,28.9995145631068,28.0244444444444,28.1488888888889,29.6240909090909,1303.46,27.507037037037,742.69,29.3347058823529,997.38,24.46,21.52,23.0131067961165,22.4255555555556,22.5611111111111,23.1177272727273,1017.18,22.4814814814815,607,23.2585294117647,790.79,446.04,180.74,171.63,113.96,1816.42,749.05,429.24,660.99,87.6979611650485,91.7855555555556,84.9375,91.9522222222222,88.1411764705882,23.0131067961165,22.5611111111111,23.1177272727273,22.4814814814815,23.2585294117647
"ENV_45",35.28,25.81,30.2775675675676,32.6722222222222,28.2411111111111,30.8258064516129,955.6,30.2605,1210.42,29.8930952380952,1255.51,23.66,20,22.0882882882883,22.1688888888889,21.3977777777778,22.2051612903226,688.36,22.276,891.04,21.8261904761905,916.7,680.96,171.02,335.07,210.25,2028.87,600.27,709.56,751.7,78.3545945945946,85.1833333333333,74.9706451612903,79.28125,79.9740476190476,22.0882882882883,21.3977777777778,22.2051612903226,22.276,21.8261904761905
"ENV_46",29.42,24.92,27.8325925925926,27.5533333333333,27.8388888888889,27.5666666666667,992.4,27.8067647058824,945.43,28.08325,1123.33,24.92,22.82,24.0443518518519,23.9411111111111,24.0755555555556,23.8166666666667,857.4,24.0197058823529,816.67,24.28575,971.43,945.57,335.08,371.3,246.51,1995.58,663.25,640.54,733.47,90.1043518518518,89.8366666666667,90.1616666666667,89.5555882352941,90.52875,24.0443518518519,24.0755555555556,23.8166666666667,24.0197058823529,24.28575
"ENV_47",29.52,24.87,27.6640366972477,27.5166666666667,27.7811111111111,27.3538095238095,1148.86,27.7366666666667,832.1,27.9548717948718,1090.24,23.71,20.62,22.4423853211009,22.55,22.6044444444444,22.1514285714286,930.36,22.505,675.15,22.7051282051282,885.5,1065.73,510.25,315.07,252.07,1849.36,677.87,515.89,694.42,93.0162385321101,92.6088888888889,93.1571428571429,92.7716666666667,92.9894871794872,22.4423853211009,22.6044444444444,22.1514285714286,22.505,22.7051282051282
"ENV_48",29.52,25.58,28.1312962962963,27.5522222222222,28.71,27.6713513513514,1023.84,28.09125,898.92,28.5775609756098,1171.68,23.71,20.52,22.5062037037037,22.8066666666667,23.06,22.5354054054054,833.81,22.7075,726.64,22.3334146341463,915.67,631.12,382.38,188.07,67.4,1889.96,648.19,561.54,716.25,92.3506481481482,92.27,93.0781081081081,92.69625,91.4126829268293,22.5062037037037,23.06,22.5354054054054,22.7075,22.3334146341463
"ENV_49",34.1,27.5,31.749,31.4555555555556,32.3888888888889,31.5222222222222,1418.5,31.6653846153846,823.3,32.2032258064516,998.3,24.5,21.3,23.081,22.8666666666667,22.7222222222222,23.0844444444444,1038.8,22.8115384615385,593.1,23.2322580645161,720.2,662.18,264.13,259.24,171,1805.836756,817.616091,472.003717,560.661489,79.14,79.3333333333333,79.2,79.9423076923077,78.3064516129032,23.081,22.7222222222222,23.0844444444444,22.8115384615385,23.2322580645161
"ENV_50",34.96,23.4,31.1723148148148,29.7222222222222,30.2222222222222,31.4416981132075,1666.41,31.0192307692308,806.5,30.8064516129032,955,22.8,15.29,20.642962962963,21.4333333333333,22.2777777777778,19.7441509433962,1046.44,21.5038461538462,559.1,21.5548387096774,668.2,800.6,231.4,301,290,2019.025924,1067.515218,471.004539,512.915172,71.3752777777778,78.8888888888889,67.2552830188679,75.8269230769231,75.0645161290323,20.642962962963,22.2777777777778,19.7441509433962,21.5038461538462,21.5548387096774
"ENV_51",32.66,24.88,28.3993577981651,28.4444444444444,27.3966666666667,29.0605555555556,1569.27,27.5669230769231,716.74,27.9161290322581,865.4,23.15,19.78,21.6044036697248,21.7088888888889,22.0666666666667,21.8633333333333,1180.62,21.3257692307692,554.47,21.3693548387097,662.45,804.55,345.64,190.65,290.5,2035.43,1043.91,472.08,557.62,86.3019266055046,90.9111111111111,84.1088888888889,88.7392307692308,88.2203225806452,21.6044036697248,22.0666666666667,21.8633333333333,21.3257692307692,21.3693548387097
"ENV_52",31.69,24.69,28.3018348623853,28.4833333333333,28.5144444444444,28.4253703703704,1534.97,27.7569230769231,721.68,28.5667741935484,885.57,23.55,20.26,21.9233027522936,22.2155555555556,21.8066666666667,21.9683333333333,1186.29,21.7634615384615,565.85,22.0054838709677,682.17,701.28,354.51,193.7,158.17,2029.35,1053.47,430.5,584.31,88.0974311926606,87.4666666666667,87.23,88.8903846153846,88.8958064516129,21.9233027522936,21.8066666666667,21.9683333333333,21.7634615384615,22.0054838709677
"ENV_53",34.96,23.4,31.055,30.5888888888889,30.6777777777778,31.0334,1551.67,30.9,896.1,31.2,1154.4,22.8,15.42,21.0030701754386,21.0777777777778,21.2888888888889,20.275,1013.75,21.7689655172414,631.3,21.4027027027027,791.9,938.2,387,263.2,314.4,2052.448848,953.287864,493.421274,642.341714,73.2983333333333,74.0555555555556,70.8002,75.6896551724138,74.9054054054054,21.0030701754386,21.2888888888889,20.275,21.7689655172414,21.4027027027027
"ENV_54",32.6,22.06,29.0560162601626,28.3888888888889,30.1111111111111,28.6081666666667,1716.49,28.6103448275862,829.7,30.1916666666667,1086.9,22.3,13.48,20.8411382113821,21.5444444444444,21.0222222222222,20.5326666666667,1231.96,20.9620689655172,607.9,21.2944444444444,766.6,1347.11,577.71,322,457.6,1999.763189,987.299173,431.64042,611.869203,75.4669918699187,73.8333333333333,76.2656666666667,76.5,73.25,20.8411382113821,21.0222222222222,20.5326666666667,20.9620689655172,21.2944444444444
"ENV_55",32.79,24.07,28.7097058823529,29.9266666666667,28.6122222222222,29.2813725490196,1493.35,28.418064516129,880.96,28.3932142857143,1590.02,23.78,17.78,22.5565441176471,22.6388888888889,22.8344444444444,22.5513725490196,1150.12,22.6329032258065,701.62,22.52625,1261.47,726.24,276.5,238.26,218.52,2285.58,840.62,491.49,998.47,88.6036029411765,90.0133333333333,85.73,89.8632258064516,90.4666071428571,22.5565441176471,22.8344444444444,22.5513725490196,22.6329032258065,22.52625
"ENV_56",35,25.6,31.0298245614035,30.9555555555556,30.5333333333333,31.145652173913,1432.7,31.1838709677419,966.7,30.7487179487179,1199.2,24.6,21.4,23.0701754385965,22.7111111111111,22.9666666666667,23.1,1062.6,22.9387096774194,711.1,23.1051282051282,901.1,1299,379.8,468,520.8,1673.697561,701.581123,495.182411,505.139537,77.2719298245614,78.3333333333333,76.8804347826087,76.4193548387097,78.4358974358974,23.0701754385965,22.9666666666667,23.1,22.9387096774194,23.1051282051282
"ENV_57",35.7,26,30.8444444444444,30.3222222222222,32.0555555555556,30.5777777777778,1926.4,30.6875,982,31.4428571428571,1320.6,21.2,14.5,18.4696296296296,19.3222222222222,18.5666666666667,18.4412698412698,1161.8,18.5,592,18.4880952380952,776.5,633.1,245.6,218.7,168.8,2340.9,1034.2,586.1,764.3,76.0444444444445,74.6666666666667,76.3015873015873,77,74.8571428571429,18.4696296296296,18.5666666666667,18.4412698412698,18.5,18.4880952380952
"ENV_58",35.7,23.5,30.4881481481481,32.4222222222222,29.9111111111111,30.5129032258065,1891.8,30.0297297297297,1111.1,30.9289473684211,1175.3,21.2,14.5,18.6474074074074,18.1111111111111,19.3,18.6548387096774,1156.6,19.0054054054054,703.2,18.3578947368421,697.6,730.1,344.2,233.9,176,2284.8,1030.1,594.2,693,76.8,78.1111111111111,76.5967741935484,78.1081081081081,75.8421052631579,18.6474074074074,19.3,18.6548387096774,19.0054054054054,18.3578947368421
"ENV_59",35.7,26,30.8,29.9333333333333,31.4222222222222,30.5015873015873,1921.6,31.2923076923077,813.6,30.9290322580645,958.8,21.2,14.5,18.4067796610169,18.9111111111111,19.5333333333333,18.4031746031746,1159.4,18.7038461538462,486.3,18.2451612903226,565.6,683.4,345.7,142.1,208.7,2059.8,1073.7,471.6,544.9,76.2457627118644,76,76.6825396825397,75.8076923076923,75.9354838709677,18.4067796610169,19.5333333333333,18.4031746031746,18.7038461538462,18.2451612903226
"ENV_60",33.2,24,29.2168067226891,29.0666666666667,29.1666666666667,29.125,1864,28.8346153846154,749.7,29.7322580645161,921.7,23,17.5,19.4697478991597,18.5888888888889,19.4777777777778,19.425,1243.2,19.3846153846154,504,19.6,607.6,549.8,290.2,209.6,70.6,2030.6,1123.1,426.8,516.1,78.990756302521,85.3,78.3921875,83.0384615384615,77.4645161290323,19.4697478991597,19.4777777777778,19.425,19.3846153846154,19.6
"ENV_61",32.71,27.34,29.9226732673267,28.9388888888889,29.0566666666667,30.1681081081081,1116.22,29.5068965517241,855.7,29.9837837837838,1109.4,24.62,21.74,23.5730693069307,22.95,23.4,23.572972972973,872.2,23.3641379310345,677.56,23.7305405405405,878.03,1070.53,391.83,378.11,347.21,1834.2,652.71,496.27,706.31,88.1651485148515,90.2333333333333,86.8735135135135,88.8289655172414,89.027027027027,23.5730693069307,23.4,23.572972972973,23.3641379310345,23.7305405405405
"ENV_62",35.7,23,30.281512605042,29.6,28.0555555555556,29.5914893617021,1390.8,31.1722222222222,1122.2,30.1947368421053,1147.4,21.2,14.5,18.6168067226891,19.6111111111111,19.1111111111111,19.2085106382979,902.8,17.8361111111111,642.1,18.6894736842105,710.2,683.2,340.7,140.3,218.2,1961.7,709.9,618.4,657.3,76.9915966386555,80.4444444444444,78.6808510638298,74.3055555555556,77.7631578947368,18.6168067226891,19.1111111111111,19.2085106382979,17.8361111111111,18.6894736842105
"ENV_63",35.7,23,30.2908396946565,32.0555555555556,30.4333333333333,30.1333333333333,1988.8,30.5129032258065,945.9,30.5027777777778,1098.1,21.2,14.5,18.6427480916031,16.9222222222222,19.0333333333333,18.6590909090909,1231.5,18.4870967741935,573.1,18.6666666666667,672,775.9,392.3,142.8,241.1,2161.5,1055.8,502.2,643.7,77.1297709923664,77.4444444444444,77.0151515151515,76.6129032258064,77.6666666666667,18.6427480916031,19.0333333333333,18.6590909090909,18.4870967741935,18.6666666666667
"ENV_64",36.41,26.54,31.2719327731092,29.5244444444444,33.0255555555556,31.14984375,1993.59,29.9434615384615,778.53,32.5893548387097,1010.27,22.56,16.98,20.3117647058824,20.8355555555556,19.9955555555556,20.3528125,1302.58,19.745,513.37,20.6706451612903,640.79,375.8,185.26,83.59,113.89,2458.22,1361.66,503.84,643.67,67.1236974789916,60.5166666666667,66.3853125,72.8265384615385,63.9932258064516,20.3117647058824,19.9955555555556,20.3528125,19.745,20.6706451612903
"ENV_65",30.57,20.86,25.8477952755906,26.5155555555556,27.7766666666667,25.19,1435.83,27.0075,972.27,25.8080555555556,929.09,25.51,15.32,22.0542519685039,22.8144444444444,24.7333333333333,20.94,1193.58,23.5083333333333,846.3,22.475,809.1,555.3,265.85,141.32,153.89,2939.7,1439.08,859.63,683.64,81.2084251968504,85.0744444444444,82.0787719298246,81.8488888888889,79.3955555555556,22.0542519685039,24.7333333333333,20.94,23.5083333333333,22.475
"ENV_66",36.2,25.5,32.0573913043478,32.2555555555556,31.5333333333333,32.54,1952.4,30.5115384615385,793.3,32.3193548387097,1001.9,24,20.3,22.3626086956522,22.5222222222222,22.1666666666667,22.145,1328.7,22.4538461538462,583.8,22.7225806451613,704.4,600.2,249.8,228.2,126.8,2117.346457,1137.168567,428.497634,578.155476,77.8625217391304,77.2777777777778,77.2615,80.25,77.3064516129032,22.3626086956522,22.1666666666667,22.145,22.4538461538462,22.7225806451613
"ENV_67",36.83,27.41,32.932347826087,32.1577777777778,32.6466666666667,32.4420454545455,1427.45,33.1951428571429,1161.83,33.2676315789474,1264.17,25.4,21.72,23.6698260869565,23.3588888888889,23.3422222222222,23.5827272727273,1037.64,23.69,829.15,23.7105263157895,901,172.71,79.73,42.09,52.84,2048.12,777.56,618.05,691.03,67.018347826087,69.1833333333333,70.0306818181818,64.0654285714286,66.2436842105263,23.6698260869565,23.3422222222222,23.5827272727273,23.69,23.7105263157895
"ENV_68",36.83,27.41,32.8923529411765,32.4111111111111,32.0311111111111,32.4765957446808,1526.4,33.3923684210526,1268.91,32.9602777777778,1186.57,25.4,21.72,23.7010084033613,23.43,23.95,23.5659574468085,1107.6,23.8115789473684,904.84,23.7827777777778,856.18,175.7,80.41,42.92,52.69,2106.73,835.28,672.47,636.81,67.0543697478992,69.9933333333333,69.7853191489362,63.7060526315789,66.9088888888889,23.7010084033613,23.95,23.5659574468085,23.8115789473684,23.7827777777778
"ENV_69",36.83,27.41,32.9426724137931,32.4111111111111,32.6466666666667,32.4765957446808,1526.4,33.2921875,1065.35,33.2897435897436,1298.3,25.4,21.72,23.6794827586207,23.43,23.3422222222222,23.5659574468085,1107.6,23.7353125,759.53,23.7382051282051,925.79,172.71,80.41,39.61,52.84,2062.7,835.28,558.6,705.61,66.9402586206897,69.1833333333333,69.7853191489362,63.5775,66.031282051282,23.6794827586207,23.3422222222222,23.5659574468085,23.7353125,23.7382051282051
"ENV_70",38.8,22.6,31.8658914728682,30.3888888888889,30.2777777777778,33.4054054054054,2472,30.8346153846154,801.7,28.7548387096774,891.4,24.5,14.1,21.3232558139535,20.6,21.2888888888889,22.6067567567568,1672.9,20.4269230769231,531.1,18.9516129032258,587.5,270.8,178.4,46,58.4,2629.206661,1715.947587,489.471103,446.208829,67.6589147286822,70.2222222222222,66.6418918918919,68.75,69.758064516129,21.3232558139535,21.2888888888889,22.6067567567568,20.4269230769231,18.9516129032258
"ENV_71",37.73,28.42,34.7034545454545,34.2888888888889,35.6044444444444,33.0747727272727,1455.29,34.885,1116.32,36.5161111111111,1314.58,26.66,20.06,23.657,23.5633333333333,23.3644444444444,23.0745454545455,1015.28,23.36625,747.72,24.5908333333333,885.27,49.6,40.61,9.25,3.42,2311.05,881.96,665.84,804.06,49.6130909090909,38.0633333333333,61.5947727272727,44.3034375,39.5663888888889,23.657,23.3644444444444,23.0745454545455,23.36625,24.5908333333333
"ENV_72",37.73,28.42,34.7666363636364,34.2888888888889,35.4777777777778,33.1293023255814,1424.56,34.8609677419355,1080.69,36.5189473684211,1387.72,26.66,20.06,23.6819090909091,23.5633333333333,23.1,23.1037209302326,993.46,23.3938709677419,725.21,24.5939473684211,934.57,49.5,40.51,9.25,3.42,2316.84,862.94,642.67,851.45,49.2605454545455,38.56,61.3076744186046,44.5741935483871,39.3918421052632,23.6819090909091,23.1,23.1037209302326,23.3938709677419,24.5939473684211
"ENV_73",30.54,25.21,28.3961682242991,27.4955555555556,27.8122222222222,28.0675555555556,1263.04,28.0432142857143,785.21,28.9691666666667,1042.89,23.96,21.36,22.698785046729,22.4255555555556,22.8288888888889,22.8533333333333,1028.4,22.4164285714286,627.66,22.7141666666667,817.71,685.18,373.78,211.82,121.36,1833.52,707.9,430.87,729.16,90.2655140186916,92.8455555555555,91.2942222222222,91.185,88.4694444444444,22.698785046729,22.8288888888889,22.8533333333333,22.4164285714286,22.7141666666667
"ENV_74",33.28,25.94,30.188018018018,30.7633333333333,30.3422222222222,30.6682608695652,1410.74,29.6866666666667,890.6,29.9040540540541,1106.45,24.54,21.09,22.8720720720721,23.4,22.62,23.14,1064.44,22.762,682.86,22.6640540540541,838.57,777.08,369.45,303.8,121.35,2127.3,921.94,556.77,683.37,85.9157657657658,86.4611111111111,84.8589130434783,88.562,85.32,22.8720720720721,22.62,23.14,22.762,22.6640540540541
"ENV_75",29.65,24.74,27.8386666666667,27.5066666666667,27.2977777777778,27.5163888888889,990.59,27.7694117647059,944.16,28.2083783783784,1043.71,23.79,20.24,22.3299047619048,22.3955555555556,21.7833333333333,22.2530555555556,801.11,22.3782352941176,760.86,22.4045945945946,828.97,589.55,334.76,182.29,76.95,1828.83,594.09,615.88,648.82,91.7,92.3344444444444,92.5986111111111,92.1770588235294,90.457027027027,22.3299047619048,21.7833333333333,22.2530555555556,22.3782352941176,22.4045945945946
"ENV_76",35.6,26.8,32.3280373831776,31.7555555555556,31.4555555555556,31.9975,1279.9,32.5766666666667,977.3,32.4076923076923,1263.9,26,21.5,24.1523364485981,23.4,23.7555555555556,23.9275,957.1,24.3666666666667,731,24.1974358974359,943.7,516.76,225.46,160.31,135.69,2291.226612,863.172989,650.210733,815.976496,77.5,79.8888888888889,77.275,76.6166666666667,78.4871794871795,24.1523364485981,23.7555555555556,23.9275,24.3666666666667,24.1974358974359
"ENV_77",35.5,23.3,30.5754237288136,31.6888888888889,32.1555555555556,29.936,1496.8,31.19,935.7,31.0375,1241.5,23.1,19.6,21.6313559322034,20.9222222222222,21.3,21.328,1066.4,21.8466666666667,655.4,21.825,873,1344,669.4,267.4,414.2,1987.400196,835.45394,541.070816,655.854821,76.6483050847458,72,78.27,74.9666666666667,75.5125,21.6313559322034,21.3,21.328,21.8466666666667,21.825
"ENV_78",38.05,25.74,31.6604098360656,32.7333333333333,30.2955555555556,33.2468518518519,1795.33,30.8671875,987.75,30.1131578947368,1144.3,25.96,16.93,23.4277868852459,24.6288888888889,22.6788888888889,23.9318518518519,1292.32,23.4040625,748.93,22.7302631578947,863.75,589.01,171.68,272.5,145.53,2324.92,1078.86,562.47,722.81,76.0852459016393,82.4088888888889,69.0248148148148,80.0484375,82.6394736842105,23.4277868852459,22.6788888888889,23.9318518518519,23.4040625,22.7302631578947
"ENV_79",32.1,23.3,29.0785123966942,30.1777777777778,28.6888888888889,29.0224489795918,1422.1,28.7090909090909,947.4,29.4780487804878,1208.6,23,17.8,21.0148760330579,21.2222222222222,20.7555555555556,20.8489795918367,1021.6,21.1090909090909,696.6,21.1317073170732,866.4,1052.4,480.6,283.8,311.8,1926.221368,792.442382,501.114266,673.25087,75.2190082644628,74.9444444444444,74.765306122449,76.4848484848485,74.5975609756098,21.0148760330579,20.7555555555556,20.8489795918367,21.1090909090909,21.1317073170732
"ENV_80",35.7,22.8,30.2227272727273,30.4555555555556,31.1666666666667,29.6311475409836,1807.5,30.6939393939394,1012.9,30.84,1233.6,21.2,13.2,18.6568181818182,17.3888888888889,18.0555555555556,18.744262295082,1143.4,18.0515151515152,595.7,18.9225,756.9,1030.5,528.6,160.1,341.9,2207.6,934.7,596.4,723.5,78.1287878787879,72.7777777777778,79.0655737704918,76.7272727272727,77.7,18.6568181818182,18.0555555555556,18.744262295082,18.0515151515152,18.9225
"ENV_81",35.7,23.7,30.3341085271318,28.8555555555556,30.5,29.9730158730159,1888.3,30.734375,983.5,30.4388888888889,1095.8,21.2,14.5,18.5131782945736,18.4777777777778,19.2666666666667,18.4730158730159,1163.8,18.565625,594.1,18.525,666.9,1052.9,564.3,221.5,279.2,2164.1,994.6,577.4,614.3,78.015503875969,79.6666666666667,78.4444444444444,77.34375,77.8888888888889,18.5131782945736,19.2666666666667,18.4730158730159,18.565625,18.525
"ENV_82",35.7,23.7,30.3731707317073,30.4666666666667,30.9888888888889,30.4279411764706,2069.1,31.1461538461538,809.8,29.7064516129032,920.9,21.2,13.9,18.2959349593496,18.5555555555556,18.9,18.3264705882353,1246.2,19.2423076923077,500.3,17.4903225806452,542.2,800,436.7,177.4,204.9,2072.4,1162,469.7,484,77.5853658536585,77.3333333333333,77.2058823529412,78.3076923076923,77.7741935483871,18.2959349593496,18.9,18.3264705882353,19.2423076923077,17.4903225806452
"ENV_83",32.8,22.9,28.644537815126,29.4444444444444,29.3,28.496875,1823.8,29.1076923076923,756.8,28.4677419354839,882.5,21.3,15.5,19.1899159663866,19.5888888888889,19.1111111111111,19.3265625,1236.9,20.0192307692308,520.5,18.2806451612903,566.7,662.6,329,112.6,226.4,1934.8,1058.9,429.7,476,81.7705882352941,78.8555555555556,81.6125,86.2807692307692,78.8870967741936,19.1899159663866,19.1111111111111,19.3265625,20.0192307692308,18.2806451612903
"ENV_84",35.6,26.3,31.4353982300885,31.1333333333333,31.7777777777778,30.9382978723404,1454.1,31.86875,1019.8,31.7666666666667,1143.6,31.2,21.3,24.0345132743363,22.9777777777778,23.4444444444444,23.868085106383,1121.8,24.26875,776.6,24.05,865.8,1077.2,476.8,281,322.6,1498.542579,557.446881,450.344117,514.255197,73.9955752212389,71.1666666666667,75.7765957446808,71.9375,73.3055555555556,24.0345132743363,23.4444444444444,23.868085106383,24.26875,24.05
"ENV_85",35.41,26.25,30.9333018867925,29.66,32.3622222222222,31.3907894736842,1192.85,31.07375,994.36,30.3689473684211,1154.02,24.52,21.5,23.4708490566038,23.0555555555556,23.8888888888889,23.3913157894737,888.87,23.4928125,751.77,23.5063157894737,893.24,699.09,232.32,119.69,354.36,1960.62,706.28,603.36,689.26,83.8233962264151,81.0611111111111,80.9739473684211,84.374375,86.2186842105263,23.4708490566038,23.8888888888889,23.3913157894737,23.4928125,23.5063157894737
"ENV_86",29.96,25.61,27.8821100917431,28.04,27.3433333333333,27.96,1174.32,27.964375,894.86,27.692972972973,1024.64,23.79,16.04,22.0694495412844,22.5688888888889,21.5033333333333,23.0166666666667,966.7,21.5621875,689.99,21.4537837837838,793.79,429.96,320.73,30.29,82.63,1793.11,738.15,504.17,580.59,90.8843119266055,91.4111111111111,90.8388095238095,92.0325,90.0335135135135,22.0694495412844,21.5033333333333,23.0166666666667,21.5621875,21.4537837837838
"ENV_87",33.4,25.2,30.1963636363636,31.2777777777778,30.3,29.9285714285714,1257,30.2322580645161,937.2,30.4769230769231,1188.6,25.3,14.2,22.0354545454545,22.7555555555556,22.5111111111111,22.6928571428571,953.1,22.1193548387097,685.7,21.3538461538462,832.8,489.86,154.67,127.27,213.26,1718.366425,625.498679,478.64088,647.033276,81.0227272727273,80.8333333333333,80.4523809523809,82.6774193548387,80.3974358974359,22.0354545454545,22.5111111111111,22.6928571428571,22.1193548387097,21.3538461538462
"ENV_88",29.96,25.61,27.875,27.91,27.7033333333333,27.7109523809524,1163.86,27.98,895.36,27.9457894736842,1061.94,23.79,16.04,22.3519090909091,23.02,22.0444444444444,22.7964285714286,957.45,22.92125,733.48,21.3852631578947,812.64,586.88,331.37,207.55,56.24,1898.35,743.66,609.07,587.71,91.6775454545455,92.6022222222222,92.9028571428571,90.1546875,91.6581578947368,22.3519090909091,22.0444444444444,22.7964285714286,22.92125,21.3852631578947
"ENV_89",37,22.8,30.405223880597,28.3555555555556,33.2666666666667,30.8702127659574,1450.9,29.9851063829787,1409.3,30.4738095238095,1279.9,20.5,13.2,18.4171641791045,19.6444444444444,16.6444444444444,18.3425531914894,862.1,18.5021276595745,869.6,18.4285714285714,774,983.4,267.1,430.9,289.2,2204.5,764.5,724.1,758,76.7313432835821,70.4444444444444,74.2765957446808,78.6170212765958,77.2619047619048,18.4171641791045,16.6444444444444,18.3425531914894,18.5021276595745,18.4285714285714
"ENV_90",35.68,23.89,29.0105882352941,27.7233333333333,27.5866666666667,29.04109375,1858.63,27.6530769230769,718.98,30.001935483871,930.06,21.9,14.58,19.0648739495798,18.5088888888889,17.8822222222222,20.035,1282.24,18.6980769230769,486.15,17.2261290322581,534.01,484.85,351.43,117.96,15.47,2316.92,1287.75,460.21,613.31,74.327731092437,77.3766666666667,77.085,80.1126923076923,63.9051612903226,19.0648739495798,17.8822222222222,20.035,18.6980769230769,17.2261290322581
"ENV_91",38.3,23.5,32.0208695652174,33.8,32.4,32.59,1955.4,32.4461538461538,843.6,30.658064516129,950.4,24,20.1,22.28,22.2333333333333,22.0222222222222,22.4066666666667,1344.4,21.5769230769231,561,22.5096774193548,697.8,1179.6,605.6,163.6,423.8,2112.281317,1078.763131,552.30899,519.274351,77.3695652173913,77.5555555555556,75.9083333333333,76.0192307692308,81.2096774193548,22.28,22.0222222222222,22.4066666666667,21.5769230769231,22.5096774193548
"ENV_92",35.68,23.89,29.0105882352941,27.7233333333333,27.5866666666667,29.04109375,1858.63,27.6530769230769,718.98,30.001935483871,930.06,21.9,14.58,19.0648739495798,18.5088888888889,17.8822222222222,20.035,1282.24,18.6980769230769,486.15,17.2261290322581,534.01,484.85,351.43,117.96,15.47,2316.92,1287.75,460.21,613.31,74.327731092437,77.3766666666667,77.085,80.1126923076923,63.9051612903226,19.0648739495798,17.8822222222222,20.035,18.6980769230769,17.2261290322581
"ENV_93",35.12,26.05,30.0113114754098,28.2877777777778,30.0055555555556,31.2682608695652,1438.34,29.8417647058824,1014.62,28.7715909090909,1265.95,24.68,21.34,23.1843442622951,22.9033333333333,23.4077777777778,23.1560869565217,1065.18,23.3988235294118,795.56,23.0511363636364,1014.25,801,339.62,173.94,312.02,2283.59,868.31,644.13,810.32,85.3193442622951,85.7066666666667,79.8323913043478,86.93,89.9793181818182,23.1843442622951,23.4077777777778,23.1560869565217,23.3988235294118,23.0511363636364
"ENV_94",35.41,26.25,30.8197321428571,29.6366666666667,31.1277777777778,31.1204545454545,1369.3,31.3990909090909,1036.17,29.8948648648649,1106.11,24.52,21.5,23.4824107142857,23.3022222222222,23.6622222222222,23.3925,1029.27,23.6133333333333,779.24,23.4532432432432,867.77,758.46,264.72,135.22,363.26,2051.54,814.61,616.99,658.98,84.2045535714286,84.36,82.0079545454546,83.3312121212121,87.6321621621622,23.4824107142857,23.6622222222222,23.3925,23.6133333333333,23.4532432432432
"ENV_95",38.74,27.86,35.3892307692308,35.4633333333333,33.67,34.935652173913,1607.04,35.3376470588235,1201.48,35.9935897435897,1403.75,27.84,22.38,25.1516239316239,25.5022222222222,24.8111111111111,24.8847826086957,1144.7,24.9108823529412,846.97,25.6830769230769,1001.64,82.74,31.95,24.46,26.39,2208.22,839.7,679.52,732.44,51.6711111111111,59.8433333333333,53.9073913043478,49.5470588235294,50.6141025641026,25.1516239316239,24.8111111111111,24.8847826086957,24.9108823529412,25.6830769230769
"ENV_96",39.26,29.06,35.5414655172414,35.2433333333333,33.7433333333333,35.5882608695652,1637.06,35.5735294117647,1209.5,35.4173684210526,1345.86,27.67,22.48,25.2896551724138,24.9,24.75,25.435,1170.01,25.2497058823529,858.49,25.1313157894737,954.99,67.7,27.99,7.35,32.42,2194.82,850.5,649.32,731.9,51.2040517241379,55.3522222222222,52.9936956521739,48.5667647058824,51.1878947368421,25.2896551724138,24.75,25.435,25.2497058823529,25.1313157894737
"ENV_97",39.26,29.06,35.4970175438596,35.0544444444444,35.5866666666667,35.5561538461538,1386.69,35.6872972972973,1320.43,35.292,1411.68,27.67,22.48,25.2830701754386,24.1277777777778,25.1933333333333,25.5774358974359,997.52,25.1656756756757,931.13,25.07075,1002.83,67.7,27.63,5.79,34.32,2152.14,704.27,728.88,756.62,51.3249122807018,46.2544444444444,53.4248717948718,48.8605405405405,51.4865,25.2830701754386,25.1933333333333,25.5774358974359,25.1656756756757,25.07075
"ENV_98",37.7,23.1,31.9100775193798,34.0555555555556,31.4666666666667,32.8175675675676,2428.5,31.9423076923077,830.5,29.7451612903226,922.1,25,17.9,22.1434108527132,23.3555555555556,21.5888888888889,22.4297297297297,1659.8,22.8384615384615,593.8,20.9032258064516,648,722.8,328,376.8,54.6,2636.358524,1686.855247,494.069482,498.030745,70.1511627906977,69.5555555555556,68.4864864864865,72.7692307692308,71.9516129032258,22.1434108527132,21.5888888888889,22.4297297297297,22.8384615384615,20.9032258064516
"ENV_99",35.2,23.5,31.5347826086957,32.4777777777778,30.2333333333333,32.145,1928.7,30.3961538461538,790.3,31.141935483871,965.4,24.3,20.1,22.4330434782609,22.4555555555556,22.4333333333333,21.965,1317.9,22.6576923076923,589.1,23.1870967741935,718.8,1263.8,609.6,402,302.8,2119.664126,1171.383316,420.832691,553.285129,78.9739130434783,82.1111111111111,77.125,81.8269230769231,80.5161290322581,22.4330434782609,22.4333333333333,21.965,22.6576923076923,23.1870967741935
"ENV_100",36,18.4,26.390756302521,24.3666666666667,26.8888888888889,22.6761904761905,952.4,26.8666666666667,967.2,29.6279069767442,1274,24.9,9.4,18.3428571428571,16.4222222222222,20.5111111111111,15.9142857142857,668.4,19.5027777777778,702.1,19.8697674418605,854.4,464.5,175.4,199.6,91.9,2170,645.4,629.6,917.7,81.3857142857143,83.5777777777778,82.4119047619048,82.625,79.6558139534884,18.3428571428571,20.5111111111111,15.9142857142857,19.5027777777778,19.8697674418605
"ENV_101",30.43,16.99,24.8541176470588,25.0055555555556,26.4522222222222,23.0447169811321,1221.37,25.918064516129,803.46,26.567027027027,982.98,25.29,15.99,21.1335294117647,22.13,22.0688888888889,19.2869811320755,1022.21,22.3483870967742,692.8,22.8372972972973,844.98,525.8,320.02,74.19,161.81,2666.17,1072.58,789.19,847.72,82.7833613445378,77.29,83.0350943396226,82.9193548387097,82.475945945946,21.1335294117647,22.0688888888889,19.2869811320755,22.3483870967742,22.8372972972973
"ENV_102",35.4,10.2,25.11872,26.7333333333333,28.9555555555556,21.6616949152542,1278.04,28,896,28.4833333333333,1025.4,23.3,4.86,17.35752,17.8444444444444,18.4555555555556,14.9422033898305,881.59,19.290625,617.3,19.7555555555556,711.2,190.3,58.1,32.4,99.8,1737.217006,741.045351,426.224363,599.030335,77.3768,70.3888888888889,77.7389830508475,76.59375,77.2222222222222,17.35752,18.4555555555556,14.9422033898305,19.290625,19.7555555555556
"ENV_103",36.5,21.3,27.8679389312977,27.1444444444444,28.7555555555556,26.7719298245614,1526,29.3060606060606,967.1,28.2837209302326,1216.2,23.8,9.9,19.1106870229008,18.6333333333333,19.6777777777778,17.4631578947368,995.4,20.4818181818182,675.9,20.2186046511628,869.4,621.1,280.8,187.6,152.7,2578.2,1156.5,651.4,820,79.9091603053435,78.6888888888889,77.6526315789474,81.1636363636364,81.9767441860465,19.1106870229008,19.6777777777778,17.4631578947368,20.4818181818182,20.2186046511628
"ENV_104",31.33,21.06,26.1122413793103,25.3522222222222,27.0333333333333,24.9444444444444,1122.5,26.9272727272727,888.6,26.7715,1070.86,25.29,17.47,22.0161206896552,21.19,23.05,20.4248888888889,919.12,22.94,757.02,23.08725,923.49,390.42,122.49,145.54,122.64,2704.34,1128.98,757.58,873.91,76.975775862069,71.1955555555556,76.7115555555555,78.2645454545455,76.056,22.0161206896552,23.05,20.4248888888889,22.94,23.08725
"ENV_105",33.8,17.85,26.445859375,27.5222222222222,28.3555555555556,25.10890625,1606.97,28.3096774193548,877.6,27.3314285714286,956.6,25,10.8,18.7634375,18.4666666666667,20.7888888888889,17.900625,1145.64,20.2193548387097,626.8,19.1794285714286,671.28,476.85,254.23,147.2,75.62,2533.158527,1132.41672,684.300847,750.05201,75.7615625,77.7777777777778,75.6271875,75.3548387096774,76.2954285714286,18.7634375,20.7888888888889,17.900625,20.2193548387097,19.1794285714286
"ENV_106",39.46,20.9,30.9769166666667,30.0777777777778,30.1222222222222,32.0761224489796,1571.73,30.8242424242424,1017.2,29.7625,1190.5,24,10,19.258,20.0777777777778,19.5111111111111,19.7991836734694,970.16,19.9242424242424,657.5,18.14,725.6,529.67,268.27,102.6,158.8,2372.984159,733.136149,826.77843,868.31223,66.0368333333333,71,61.4167346938776,68.4545454545455,69.75,19.258,19.5111111111111,19.7991836734694,19.9242424242424,18.14
"ENV_107",35.8,21.6,30.783185840708,31.1888888888889,31.0444444444444,30.2034482758621,1751.8,31.5038461538462,819.1,31.2032258064516,967.3,24.3,14.4,19.7345132743363,20.2,19.7777777777778,19.4137931034483,1126,20.2307692307692,526,19.9483870967742,618.4,885.4,640.4,125,139.4,2425.352612,1151.073306,634.537622,688.675004,71.2433628318584,70.0555555555556,71.75,69.6346153846154,71.758064516129,19.7345132743363,19.7777777777778,19.4137931034483,20.2307692307692,19.9483870967742
